[
    {
        "category_id": 1218, 
        "id": 6334, 
        "name": "Accounts"
    }, 
    {
        "category_id": 1218, 
        "id": 6335, 
        "name": "Transactions"
    }, 
    {
        "category_id": 1220, 
        "id": 6336, 
        "name": "Managing Payees"
    }, 
    {
        "category_id": 1221, 
        "id": 6337, 
        "name": "Auto Log-Out"
    }, 
    {
        "category_id": 1223, 
        "id": 6338, 
        "name": "Navigation"
    }, 
    {
        "category_id": 1224, 
        "id": 6339, 
        "name": "General"
    }, 
    {
        "category_id": 1224, 
        "id": 6340, 
        "name": "Reliable / Trustworthy"
    }, 
    {
        "category_id": 1224, 
        "id": 6341, 
        "name": "Competition"
    }, 
    {
        "category_id": 1223, 
        "id": 6342, 
        "name": "General"
    }, 
    {
        "category_id": 1223, 
        "id": 6343, 
        "name": "Glitch / Bug"
    }, 
    {
        "category_id": 1223, 
        "id": 6344, 
        "name": "Speed"
    }, 
    {
        "category_id": 1223, 
        "id": 6345, 
        "name": "Ease of Use"
    }, 
    {
        "category_id": 1223, 
        "id": 6346, 
        "name": "Convenience"
    }, 
    {
        "category_id": 1223, 
        "id": 6347, 
        "name": "Device Compatibility"
    }, 
    {
        "category_id": 1223, 
        "id": 6348, 
        "name": "Rooted / Jail Broken"
    }, 
    {
        "category_id": 1223, 
        "id": 6349, 
        "name": "Version Used"
    }, 
    {
        "category_id": 1223, 
        "id": 6350, 
        "name": "Layout / Design"
    }, 
    {
        "category_id": 1223, 
        "id": 6351, 
        "name": "Battery Life"
    }, 
    {
        "category_id": 1223, 
        "id": 6352, 
        "name": "Crashing"
    }, 
    {
        "category_id": 1223, 
        "id": 6353, 
        "name": "Forgotten log in details"
    }, 
    {
        "category_id": 1223, 
        "id": 6354, 
        "name": "Log In"
    }, 
    {
        "category_id": 1222, 
        "id": 6355, 
        "name": "General"
    }, 
    {
        "category_id": 1222, 
        "id": 6356, 
        "name": "Responsiveness"
    }, 
    {
        "category_id": 1222, 
        "id": 6357, 
        "name": "Attitude of Staff"
    }, 
    {
        "category_id": 1222, 
        "id": 6358, 
        "name": "Contact Channel"
    }, 
    {
        "category_id": 1222, 
        "id": 6359, 
        "name": "Problem Resolution"
    }, 
    {
        "category_id": 1221, 
        "id": 6360, 
        "name": "General"
    }, 
    {
        "category_id": 1221, 
        "id": 6361, 
        "name": "Identification / Verification"
    }, 
    {
        "category_id": 1221, 
        "id": 6362, 
        "name": "Information"
    }, 
    {
        "category_id": 1220, 
        "id": 6363, 
        "name": "Fingerprint Recognition"
    }, 
    {
        "category_id": 1220, 
        "id": 6364, 
        "name": "Direct Debit / Standing Order"
    }, 
    {
        "category_id": 1220, 
        "id": 6365, 
        "name": "General"
    }, 
    {
        "category_id": 1220, 
        "id": 6366, 
        "name": "Credit Cards"
    }, 
    {
        "category_id": 1220, 
        "id": 6367, 
        "name": "Pending Transactions"
    }, 
    {
        "category_id": 1220, 
        "id": 6368, 
        "name": "Contactless Payment"
    }, 
    {
        "category_id": 1220, 
        "id": 6369, 
        "name": "Available Balance Infomation"
    }, 
    {
        "category_id": 1220, 
        "id": 6370, 
        "name": "Product Application"
    }, 
    {
        "category_id": 1220, 
        "id": 6371, 
        "name": "Transfers"
    }, 
    {
        "category_id": 1219, 
        "id": 6372, 
        "name": "Other"
    }, 
    {
        "category_id": 1219, 
        "id": 6373, 
        "name": "Suggestion"
    }, 
    {
        "category_id": 1218, 
        "id": 6374, 
        "name": "General"
    }
]